{"cameraMode":{"drawMode":2,"name":"Shaded Wireframe","section":"Shading Mode"},"sceneLighting":false,"audioPlay":false,"sceneViewState":{"showFog":true,"showMaterialUpdate":false,"showSkybox":false,"showFlares":true,"showImageEffects":true,"showParticleSystems":true},"in2DMode":false,"pivot":{"x":14.755325317382813,"y":-1.2356047630310059,"z":-0.08687114715576172},"rotation":{"x":0.057866089046001437,"y":-0.002996475901454687,"z":0.00017398914496880025,"w":0.9983199238777161},"size":13.287017822265625,"orthographic":false}