{"cameraMode":{"drawMode":2,"name":"Shaded Wireframe","section":"Shading Mode"},"sceneLighting":false,"audioPlay":false,"sceneViewState":{"showFog":true,"showMaterialUpdate":false,"showSkybox":false,"showFlares":true,"showImageEffects":true,"showParticleSystems":true},"in2DMode":false,"pivot":{"x":-0.46637165546417239,"y":0.17100882530212403,"z":-0.41634178161621096},"rotation":{"x":0.003895646659657359,"y":-0.035992007702589038,"z":0.00014018508954904974,"w":0.9993444681167603},"size":7.815858840942383,"orthographic":false}