{"cameraMode":{"drawMode":2,"name":"Shaded Wireframe","section":"Shading Mode"},"sceneLighting":false,"audioPlay":false,"sceneViewState":{"showFog":true,"showMaterialUpdate":false,"showSkybox":false,"showFlares":true,"showImageEffects":true,"showParticleSystems":true},"in2DMode":false,"pivot":{"x":-0.15397825837135316,"y":0.3285002112388611,"z":0.06447291374206543},"rotation":{"x":0.09503716975450516,"y":0.06714073568582535,"z":-0.0064243413507938389,"w":0.9931862354278565},"size":3.070995330810547,"orthographic":false}