{"cameraMode":{"drawMode":2,"name":"Shaded Wireframe","section":"Shading Mode"},"sceneLighting":false,"audioPlay":false,"sceneViewState":{"showFog":true,"showMaterialUpdate":false,"showSkybox":false,"showFlares":true,"showImageEffects":true,"showParticleSystems":true},"in2DMode":false,"pivot":{"x":285.230224609375,"y":3.382110357284546,"z":-0.7633810043334961},"rotation":{"x":0.13837724924087525,"y":0.03267484903335571,"z":-0.004567606840282679,"w":0.9898298978805542},"size":10.11225700378418,"orthographic":false}