{"cameraMode":{"drawMode":2,"name":"Shaded Wireframe","section":"Shading Mode"},"sceneLighting":true,"audioPlay":false,"sceneViewState":{"showFog":true,"showMaterialUpdate":false,"showSkybox":true,"showFlares":true,"showImageEffects":true,"showParticleSystems":true},"in2DMode":false,"pivot":{"x":-0.7296037673950195,"y":1.131630539894104,"z":-4.9359588623046879},"rotation":{"x":0.11869539320468903,"y":-0.08330532163381577,"z":0.00999436341226101,"w":0.9893795251846314},"size":20.198190689086915,"orthographic":false}