{"cameraMode":{"drawMode":2,"name":"Shaded Wireframe","section":"Shading Mode"},"sceneLighting":false,"audioPlay":false,"sceneViewState":{"showFog":true,"showMaterialUpdate":false,"showSkybox":false,"showFlares":true,"showImageEffects":true,"showParticleSystems":true},"in2DMode":false,"pivot":{"x":-0.054230447858572009,"y":0.08857906609773636,"z":-3.4237751960754396},"rotation":{"x":0.09497494250535965,"y":-0.0760779157280922,"z":0.007279790006577969,"w":0.9925416707992554},"size":0.08931803703308106,"orthographic":false}