{"cameraMode":{"drawMode":0,"name":"Shaded","section":"Shading Mode"},"sceneLighting":false,"audioPlay":false,"sceneViewState":{"showFog":true,"showMaterialUpdate":false,"showSkybox":false,"showFlares":true,"showImageEffects":true,"showParticleSystems":true},"in2DMode":false,"pivot":{"x":380.653564453125,"y":-15.321616172790528,"z":5.048637390136719},"rotation":{"x":-0.13454210758209229,"y":0.026750516146421434,"z":-0.0036335184704512359,"w":-0.990540087223053},"size":116.9041976928711,"orthographic":false}