{"cameraMode":{"drawMode":0,"name":"Shaded","section":"Shading Mode"},"sceneLighting":false,"audioPlay":false,"sceneViewState":{"showFog":true,"showMaterialUpdate":false,"showSkybox":false,"showFlares":true,"showImageEffects":true,"showParticleSystems":true},"in2DMode":false,"pivot":{"x":0.5889334678649902,"y":-0.17341335117816926,"z":-0.211675763130188},"rotation":{"x":-0.05330644175410271,"y":-0.15662184357643128,"z":0.008465854451060295,"w":-0.9861827492713928},"size":2.623647451400757,"orthographic":false}