{"cameraMode":{"drawMode":0,"name":"Shaded","section":"Shading Mode"},"sceneLighting":true,"audioPlay":false,"sceneViewState":{"showFog":true,"showMaterialUpdate":false,"showSkybox":true,"showFlares":true,"showImageEffects":true,"showParticleSystems":true},"in2DMode":false,"pivot":{"x":579.3724365234375,"y":-164.4536590576172,"z":428.101318359375},"rotation":{"x":-0.17823147773742677,"y":-0.09283566474914551,"z":0.016893284395337106,"w":-0.9794538021087647},"size":524.7150268554688,"orthographic":false}