{"cameraMode":{"drawMode":0,"name":"Shaded","section":"Shading Mode"},"sceneLighting":true,"audioPlay":false,"sceneViewState":{"showFog":true,"showMaterialUpdate":false,"showSkybox":true,"showFlares":true,"showImageEffects":true,"showParticleSystems":true},"in2DMode":false,"pivot":{"x":512.6268920898438,"y":-82.89859008789063,"z":472.12567138671877},"rotation":{"x":-0.17823147773742677,"y":-0.09283566474914551,"z":0.016893284395337106,"w":-0.9794538021087647},"size":966.1094970703125,"orthographic":false}