{"cameraMode":{"drawMode":0,"name":"Shaded","section":"Shading Mode"},"sceneLighting":true,"audioPlay":false,"sceneViewState":{"showFog":true,"showMaterialUpdate":false,"showSkybox":true,"showFlares":true,"showImageEffects":true,"showParticleSystems":true},"in2DMode":false,"pivot":{"x":24.33668327331543,"y":-24.724315643310548,"z":106.67860412597656},"rotation":{"x":-0.09867852181196213,"y":-0.05669081583619118,"z":0.005630774889141321,"w":-0.9934872984886169},"size":284.027587890625,"orthographic":false}