{"cameraMode":{"drawMode":0,"name":"Shaded","section":"Shading Mode"},"sceneLighting":false,"audioPlay":false,"sceneViewState":{"showFog":true,"showMaterialUpdate":false,"showSkybox":false,"showFlares":true,"showImageEffects":true,"showParticleSystems":true},"in2DMode":false,"pivot":{"x":0.25206848978996279,"y":-0.9573301076889038,"z":-3.715453624725342},"rotation":{"x":0.0022254278883337976,"y":-0.9967489242553711,"z":0.0748969316482544,"w":0.029616186395287515},"size":8.088299751281739,"orthographic":false}