{"cameraMode":{"drawMode":0,"name":"Shaded","section":"Shading Mode"},"sceneLighting":true,"audioPlay":false,"sceneViewState":{"showFog":true,"showMaterialUpdate":false,"showSkybox":true,"showFlares":true,"showImageEffects":true,"showParticleSystems":true},"in2DMode":false,"pivot":{"x":9.981061935424805,"y":-23.194740295410158,"z":108.63273620605469},"rotation":{"x":-0.09867852181196213,"y":-0.05669081583619118,"z":0.005630774889141321,"w":-0.9934872984886169},"size":124.42491912841797,"orthographic":false}