{"cameraMode":{"drawMode":0,"name":"Shaded","section":"Shading Mode"},"sceneLighting":true,"audioPlay":false,"sceneViewState":{"showFog":true,"showMaterialUpdate":false,"showSkybox":true,"showFlares":true,"showImageEffects":true,"showParticleSystems":true},"in2DMode":false,"pivot":{"x":2.439948081970215,"y":1.6304056644439698,"z":-7.296731948852539},"rotation":{"x":-0.1625353842973709,"y":0.08041608333587647,"z":-0.013292058371007443,"w":-0.983330488204956},"size":8.295323371887207,"orthographic":false}