{"cameraMode":{"drawMode":0,"name":"Shaded","section":"Shading Mode"},"sceneLighting":false,"audioPlay":false,"sceneViewState":{"showFog":true,"showMaterialUpdate":false,"showSkybox":false,"showFlares":true,"showImageEffects":true,"showParticleSystems":true},"in2DMode":false,"pivot":{"x":628.7333374023438,"y":-9.101091384887696,"z":-37.50694274902344},"rotation":{"x":-0.09867852181196213,"y":-0.05669081583619118,"z":0.005630774889141321,"w":-0.9934872984886169},"size":121.90129089355469,"orthographic":false}