{"cameraMode":{"drawMode":0,"name":"Shaded","section":"Shading Mode"},"sceneLighting":true,"audioPlay":false,"sceneViewState":{"showFog":true,"showMaterialUpdate":false,"showSkybox":true,"showFlares":true,"showImageEffects":true,"showParticleSystems":true},"in2DMode":false,"pivot":{"x":515.9678344726563,"y":-106.57504272460938,"z":462.4110412597656},"rotation":{"x":-0.17823147773742677,"y":-0.09283566474914551,"z":0.016893284395337106,"w":-0.9794538021087647},"size":851.56103515625,"orthographic":false}