{"cameraMode":{"drawMode":0,"name":"Shaded","section":"Shading Mode"},"sceneLighting":false,"audioPlay":false,"sceneViewState":{"showFog":true,"showMaterialUpdate":false,"showSkybox":false,"showFlares":true,"showImageEffects":true,"showParticleSystems":true},"in2DMode":false,"pivot":{"x":-15.147640228271485,"y":-4.224414348602295,"z":11.501103401184082},"rotation":{"x":-0.111533522605896,"y":0.514072060585022,"z":-0.06763177365064621,"w":-0.8477713465690613},"size":33.059017181396487,"orthographic":false}