{"cameraMode":{"drawMode":0,"name":"Shaded","section":"Shading Mode"},"sceneLighting":true,"audioPlay":false,"sceneViewState":{"showFog":true,"showMaterialUpdate":false,"showSkybox":true,"showFlares":true,"showImageEffects":true,"showParticleSystems":true},"in2DMode":false,"pivot":{"x":758.98193359375,"y":-26.495254516601564,"z":291.9562072753906},"rotation":{"x":-0.05330644175410271,"y":-0.15662184357643128,"z":0.008465854451060295,"w":-0.9861827492713928},"size":378.56610107421877,"orthographic":false}