{"cameraMode":{"drawMode":0,"name":"Shaded","section":"Shading Mode"},"sceneLighting":false,"audioPlay":false,"sceneViewState":{"showFog":true,"showMaterialUpdate":false,"showSkybox":false,"showFlares":true,"showImageEffects":true,"showParticleSystems":true},"in2DMode":false,"pivot":{"x":485.7912292480469,"y":-7.562666893005371,"z":22.097434997558595},"rotation":{"x":-0.09867852181196213,"y":-0.05669081583619118,"z":0.005630774889141321,"w":-0.9934872984886169},"size":87.2371826171875,"orthographic":false}