{"cameraMode":{"drawMode":0,"name":"Shaded","section":"Shading Mode"},"sceneLighting":false,"audioPlay":false,"sceneViewState":{"showFog":true,"showMaterialUpdate":false,"showSkybox":false,"showFlares":true,"showImageEffects":true,"showParticleSystems":true},"in2DMode":false,"pivot":{"x":119.59645080566406,"y":-48.083595275878909,"z":14.216434478759766},"rotation":{"x":-0.09867852181196213,"y":-0.05669081583619118,"z":0.005630774889141321,"w":-0.9934872984886169},"size":201.12832641601563,"orthographic":false}